experiment_id,dataset_fraction,train_samples,training_time,accuracy
DS25,0.25,116463,24.430788040161133,0.740655593728205
DS50,0.5,233156,45.56995964050293,0.7374008730917263
DS75,0.75,348925,65.91406917572021,0.734507788081523
DS100,1.0,464873,87.71607971191406,0.7327254410663084
