experiment_id,num_executors,num_trees,training_time,speedup,efficiency_percent,accuracy
SS1,1,100,275.9148063659668,1.0,100.0,0.7347350873876506
SS2,2,100,159.05959343910217,1.734663093248783,86.73315466243915,0.7357540601251388
SS4,4,100,87.50133061408997,3.15326412100912,78.831603025228,0.7327254410663084
